{
  "project_info": {
    "project_number": "476184977217",
    "firebase_url": "https://fir-dbf53.firebaseio.com",
    "project_id": "fir-dbf53",
    "storage_bucket": "fir-dbf53.appspot.com"
  },
  "client": [
    {
      "client_info": {
        "mobilesdk_app_id": "1:476184977217:android:6002247211c75245",
        "android_client_info": {
          "package_name": "com.example.elfira"
        }
      },
      "oauth_client": [
        {
          "client_id": "476184977217-rcb4v63ampq9td7vq5uknol3mn99opnh.apps.googleusercontent.com",
          "client_type": 1,
          "android_info": {
            "package_name": "com.example.elfira",
            "certificate_hash": "0a7d090f4fa7debdd8dc14d1894d4265aaf06610"
          }
        }
      ],
      "api_key": [
        {
          "current_key": "AIzaSyBonJXszAYmTAhEvLaQ_dqquwYzF2d6EtE"
        }
      ],
      "services": {
        "appinvite_service": {
          "other_platform_oauth_client": [
            {
              "client_id": "476184977217-858330daclmf3pkbohaasl45ll6hsufn.apps.googleusercontent.com",
              "client_type": 3
            }
          ]
        }
      }
    }
  ],
  "configuration_version": "1"
}